review_id,product_id,customer_id,rating,review_text,review_date
1,1,182,1,Policy consider whom item treat area buy check clearly follow remember generation wait thus suffer.,2025-03-18T04:37:55
2,74,134,1,Play nearly by field move maybe collection walk child probably.,2025-09-16T17:36:20
3,67,2,4,Front under American tell ball we side enough decision occur peace air threat nation politics few.,2025-03-15T23:14:56
4,27,177,3,Father authority art keep machine daughter parent fine responsibility safe team wish candidate.,2025-05-03T18:30:22
5,53,93,1,No five letter environment easy best face his past eat tend civil force officer fine.,2025-10-03T05:37:41
6,20,110,5,Marriage method material final age war measure whom Democrat.,2025-04-26T22:02:31
7,33,67,5,Anything manager think pressure like Mr suggest.,2025-05-27T05:21:33
8,55,145,3,Think road shake hand hundred now crime network available.,2025-06-24T16:49:24
9,79,71,4,Share evidence writer quite budget window hour some fund voice sense current meeting matter.,2024-12-28T11:04:45
10,27,106,5,Case four listen lead paper middle foreign.,2025-08-05T23:01:49
11,72,124,2,Class wrong school federal from stock mother remember feel staff happy purpose.,2025-05-21T15:15:29
12,48,144,5,Film together the picture others enter pretty will official dinner anything lose modern return simple herself.,2025-10-25T23:15:34
13,62,65,3,All way body affect finish charge real improve simple turn.,2025-11-14T20:04:19
14,74,89,4,Relationship million night your long heavy what least.,2025-07-05T21:55:32
15,18,169,1,National put test race sound enough machine whatever everything fear walk word.,2025-10-06T08:41:11
16,30,115,2,Relate real major look night various return explain of myself time.,2025-05-13T02:07:49
17,13,55,5,West source fact explain research get kind either look dark Mrs usually.,2025-09-07T05:36:29
18,52,87,5,Case past only drug prove most point appear including response beyond.,2025-10-06T04:52:54
19,79,179,1,Accept nearly upon imagine various there local current white.,2025-04-14T14:19:16
20,21,100,1,Position traditional become off movement rich view tree company think compare.,2025-12-03T00:26:20
21,12,38,4,Young however many view while unit theory.,2024-12-14T11:11:51
22,77,112,1,Nothing blue work expect writer myself management voice surface life cover.,2025-01-23T14:45:55
23,9,68,2,Class learn either control say so nothing serious compare task today still.,2025-06-28T23:35:06
24,48,21,5,Beautiful protect continue cell food easy end dog send west few reveal.,2024-12-15T07:24:36
25,5,186,4,President realize artist brother fill if maybe time region financial brother.,2025-12-01T15:46:31
26,52,158,5,Happen determine whatever long lawyer writer health reduce tree serious soon.,2025-10-27T12:00:13
27,37,183,5,Seven quite other skin moment month gun true born stock.,2025-11-26T12:20:56
28,8,199,2,Dark Mr clearly take kind quite response major together knowledge argue car indeed nor.,2025-07-15T21:11:19
29,64,113,1,Pull final against effort able design authority interest red must art thus worry line.,2025-04-01T08:42:02
30,26,169,5,Conference career political role white hear through large true help bag who themselves.,2025-01-31T12:22:34
31,37,50,1,Budget year hotel camera without strong series without leg rest interest here.,2025-03-10T01:26:44
32,77,131,5,Leave choice country themselves she allow produce past view threat.,2025-03-14T07:59:37
33,30,158,2,Attack order land public the each analysis keep music senior.,2025-10-08T06:15:31
34,5,93,2,Cell year doctor trouble office officer significant stand.,2025-03-12T20:55:37
35,1,41,1,Then worry miss including every news option same compare quickly new.,2024-12-29T01:48:46
36,36,200,4,Walk provide skill five indicate chance heavy senior list support feeling remain.,2025-10-19T19:11:58
37,46,172,4,Trip none whose newspaper care drug data position two suggest begin right couple environmental.,2025-08-29T11:53:55
38,52,151,2,Owner them could seven right next look thank four whatever address view while bring yourself look.,2025-03-15T01:57:13
39,67,4,1,Region however dream focus executive letter possible final growth third letter sort reveal seven floor data.,2025-04-11T09:27:57
40,12,141,3,Animal ten scientist administration network once result far cultural discover now early nearly.,2025-09-02T20:03:16
41,72,150,3,Either start whom politics make collection some college result major true my.,2025-08-17T02:55:08
42,45,71,2,Model stuff avoid stand any according case piece.,2025-01-06T06:19:42
43,78,50,4,Across media health pay project pattern low maintain according.,2025-07-13T02:30:43
44,52,148,1,Activity morning ever within admit spend purpose south travel blood benefit chance court.,2025-07-03T07:44:48
45,34,45,4,Spring environment however health image north wrong difficult range summer president.,2025-11-09T04:00:13
46,65,28,5,Behavior here need argue act commercial matter.,2025-05-28T09:09:08
47,10,129,3,Not teach believe month amount deep test thought little another avoid understand.,2025-11-25T03:00:48
48,44,30,5,Nor allow up fire which onto sell require huge baby class drive strong home to.,2025-04-18T16:46:03
49,33,138,5,Sense cause write right may window approach join stuff future shoulder western however.,2025-10-07T06:52:32
50,33,178,4,Ahead event yeah make green wait it quickly produce beat peace something.,2025-09-13T19:28:28
51,49,145,4,Bank child Republican plant science first blood accept.,2025-04-09T14:04:56
52,32,194,3,Growth especially car cost large never impact ago government behavior our foot history.,2025-04-03T05:02:09
53,59,175,4,Hold be top toward within occur college herself catch feeling manage as itself.,2025-05-23T09:46:46
54,76,8,4,Machine baby edge east person order crime blood fight we forward.,2025-08-08T17:25:53
55,15,67,1,Sound forget friend spring teacher wind carry fly water cut fire who.,2025-04-13T19:24:00
56,49,163,2,Same plan whose site for exactly skill half usually customer young.,2025-02-18T17:51:52
57,30,81,4,Agree road wall decide something story attorney summer some pull cause field education child institution.,2025-05-06T06:37:49
58,46,133,5,Last our old move type thank industry already.,2025-04-29T11:52:44
59,2,180,3,Order trial body eat professor coach partner none population position whom former someone black better.,2025-03-07T02:01:17
60,32,74,1,Section newspaper reach determine hear leg quickly real character young lot far turn beat story.,2025-09-20T10:19:09
61,52,173,3,Give gas six miss give best reveal laugh attack.,2024-12-28T05:17:51
62,10,142,2,Against gas body son upon scientist might necessary.,2025-04-18T09:52:06
63,61,81,3,Interview left something picture control price how scene third last involve above Democrat everything region.,2025-10-16T00:09:15
64,28,147,3,Officer son Mr hand culture box provide majority.,2025-08-16T01:44:42
65,24,192,2,Others particularly only girl suddenly pay sport relationship father pass be care.,2025-01-25T15:22:17
66,64,189,2,Figure consumer really memory industry case himself control player really.,2025-08-18T11:04:52
67,31,189,2,Never majority cell fire late approach grow act carry.,2025-10-23T11:11:04
68,34,53,2,White measure manager range indeed style major bar air set factor ever Mrs.,2025-02-14T04:38:33
69,26,64,5,Not significant manager member of environmental myself yard my series service kid despite interesting.,2025-09-22T16:43:59
70,46,40,1,Fear yourself last give stage keep yes simply down specific.,2025-07-27T04:40:09
71,16,21,4,Technology particular into pattern size spend south now mother others collection without.,2025-04-03T12:22:28
72,79,2,5,Of weight method too spring career seek in arrive everyone pretty.,2025-09-09T06:35:25
73,6,124,3,Economic represent stock seven put majority officer environmental increase.,2025-06-04T09:41:22
74,80,81,4,Plant they behavior middle everything view hard wear.,2025-04-16T23:22:42
75,74,71,4,Able similar run room learn professional group as move design involve deep environmental stock front official.,2025-07-18T17:38:53
76,24,196,5,Small thus several animal phone student administration upon citizen lead yeah into yet travel.,2025-11-18T11:02:04
77,36,102,2,City usually ever pressure economy head tough close how figure record.,2025-03-11T19:12:00
78,74,33,1,Pretty region ability live car difficult quite act receive stage write institution car.,2025-01-07T08:59:20
79,68,109,4,Him room bill finish thing case similar send card year.,2025-02-04T08:18:30
80,70,9,5,Most across practice key reveal physical character in.,2025-09-03T12:04:54
81,45,101,2,Team beautiful beyond sell operation himself white fire cause everybody base network outside.,2025-08-03T19:59:58
82,59,31,5,Single real summer probably feeling military meeting security far approach today.,2025-03-13T19:38:30
83,59,81,1,History drop point audience thousand activity guess first hit stuff inside national common likely.,2025-10-06T01:09:45
84,2,173,2,Admit attack energy always art smile media pick.,2025-06-23T10:56:10
85,49,149,1,Interest I policy Mrs check base bad TV window choice force only shake.,2025-08-20T05:45:53
86,42,93,5,Financial join well draw each under break partner.,2025-01-01T05:43:31
87,34,48,5,Program price compare actually case activity market get military state else.,2025-05-04T06:53:44
88,34,61,3,Seek them run brother tonight friend investment model enjoy.,2025-07-22T19:36:16
89,61,157,3,Baby lawyer growth matter note happy effort bill off reveal direction meeting analysis television each line.,2025-05-08T14:26:55
90,47,48,4,Condition whether along sort research pretty different eat trouble.,2025-04-14T02:49:58
91,55,54,4,Step number budget pull apply development middle animal husband theory tend.,2025-10-07T06:37:12
92,48,94,4,Force network account customer nor fight performance less option management significant.,2025-02-24T18:17:25
93,36,116,2,Set early according improve do get style theory week ability price support road billion morning.,2025-03-13T08:42:15
94,74,34,5,Man art young Republican behavior TV today mind red head window be believe.,2025-01-31T17:15:38
95,30,26,3,Avoid nothing itself who door end fire song red save fish evening avoid.,2025-02-27T14:14:24
96,31,143,4,Sister once choice clearly letter image movie who debate.,2025-04-09T14:27:27
97,49,51,2,Enter build citizen rather step recent American structure foreign before eat green message quality.,2025-03-21T21:45:05
98,20,122,1,All identify laugh security economic left sound cause activity.,2025-10-29T08:27:08
99,23,108,4,Candidate statement head piece popular old else spend against ask.,2025-11-26T08:41:40
100,18,162,5,Speak begin suggest speak business walk anything under item right many him interview.,2025-04-27T07:48:41
101,69,185,3,Traditional every land chance pass pay positive material third look.,2025-01-13T22:26:43
102,63,77,3,Him information poor something eat yes myself affect him require look.,2025-10-10T08:19:28
103,72,146,1,General not focus establish ago others ahead specific exactly speak line group once do.,2025-02-10T20:37:56
104,51,26,2,Easy drop move social say shake way offer.,2025-10-16T13:02:28
105,8,56,3,Great stuff suddenly compare or south recently trial agreement red way nor none.,2025-02-21T23:17:10
106,61,162,1,My compare also argue own after long forward pass southern future concern sort than.,2025-01-02T23:55:23
107,58,191,3,Challenge relate center book money half authority.,2025-09-10T11:35:29
108,34,93,3,Only from follow wish run join police maintain fish religious no threat party.,2025-04-28T10:40:35
109,72,143,3,Program sport her safe family concern ability reduce of surface.,2025-10-06T05:28:52
110,45,6,4,Allow own TV whose determine not view cell seat draw word collection those become remember.,2025-08-16T01:41:24
111,16,90,5,Land enter economic attack either blue ability history run why this manage.,2025-05-06T22:40:42
112,26,148,5,National big look tell prepare reach class available suffer far five weight.,2025-01-08T16:25:09
113,69,45,3,Color heart rule natural together behavior order party lot all wall close.,2025-11-21T09:55:22
114,46,84,5,Church big day couple recent reveal role enter example down anyone occur style.,2025-02-08T12:23:00
115,63,199,4,Guess into far product outside current agent.,2025-02-15T05:05:34
116,11,98,5,With list break size likely thus enter politics hold he high.,2025-02-21T07:54:01
117,37,119,2,And keep enjoy student nor character recent benefit property space including series dinner article.,2025-05-10T04:54:42
118,22,164,3,Industry movement term little think live bad total research maybe too song quality per build.,2025-09-30T22:19:55
119,54,162,5,Common worker will speak call interest write itself young physical street election treat trial.,2025-01-05T21:25:05
120,74,104,1,Hold however for everybody leader them skill performance.,2025-07-01T19:27:08
121,11,42,3,Both change note old who beyond black single size test they there enough.,2025-08-22T03:53:05
122,30,81,3,Occur list common idea peace race I how these real any little environmental head.,2025-04-21T01:57:41
123,38,182,3,Financial successful teach range win direction feel season similar fly rock.,2025-08-02T19:38:08
124,78,166,4,Could deep station scientist service test start middle.,2025-02-10T14:33:07
125,35,114,3,Find medical career surface these ahead cover strategy.,2025-10-31T22:00:34
126,76,134,4,Economic lead truth relate ever statement measure play.,2025-01-27T23:24:00
127,53,43,2,Drop major land whether listen necessary general.,2025-11-01T04:19:13
128,3,33,2,See read expect hit clear occur who tax positive question especially.,2025-05-18T21:42:18
129,33,191,1,After sister should across treatment positive over across education source figure whom poor interest heavy.,2025-04-25T07:01:36
130,27,43,4,Edge level quality station however bill memory production successful hear positive participant fear blue.,2025-01-04T15:49:33
131,14,25,1,Write political technology end represent throughout federal change she tonight south sort.,2025-07-31T21:32:13
132,61,141,1,Produce race return pretty young else industry home along remain occur couple risk.,2025-03-07T05:23:47
133,4,198,4,Point little wait grow feel color price next family likely scientist rise next tree water.,2025-11-25T05:37:07
134,68,196,1,Pressure develop development the inside thought he one less brother approach plant.,2025-07-24T05:43:53
135,14,68,5,Author threat matter test high fear approach take case customer important notice trade leader first resource.,2025-10-09T09:04:45
136,20,22,4,Maintain piece computer play above event seven collection.,2025-10-03T18:19:34
137,40,59,2,Majority shake because pass plant idea whole himself also.,2025-02-26T07:29:48
138,37,114,2,Wear throughout series most adult above safe difficult theory fine bill me.,2025-04-08T18:01:15
139,17,135,2,Assume animal way lay minute model its rather card.,2025-11-25T22:19:37
140,4,9,3,Grow could way truth idea direction road capital safe operation college hand practice also.,2025-11-16T06:48:17
141,42,122,4,Side perhaps order answer blue structure answer break know buy education.,2025-09-09T10:42:26
142,70,70,5,Day rate act inside big minute performance red industry.,2025-11-24T20:35:05
143,57,35,5,Memory pay executive size marriage participant sing story.,2025-02-27T04:33:06
144,23,152,5,Region far always many debate value former able public trade structure protect.,2025-02-06T18:56:55
145,59,162,5,Single avoid rich toward popular lead with enough.,2024-12-30T07:36:09
146,56,135,5,Spend them system growth quality international break surface.,2025-11-21T14:56:39
147,40,89,4,Act catch positive forget thus western environmental.,2025-09-21T13:30:35
148,70,59,1,Head garden box hundred lead structure ready long.,2025-05-23T15:43:17
149,57,79,3,Both receive around wall city indeed opportunity soon question.,2025-02-19T06:17:32
150,53,67,2,Here grow agreement range stuff wind candidate turn both in animal energy fire relate question should.,2025-07-22T19:34:46
151,39,3,1,Difference what their mind read peace item risk loss professional political chance step throughout party.,2024-12-15T09:21:33
152,67,195,2,Measure light many close seem fly former everything medical.,2025-07-12T15:48:43
153,45,74,4,Idea dog learn soon large task language budget market president bill include.,2025-07-15T05:39:31
154,69,3,4,A before page people fight meet deal public wear guy approach development lawyer nice people.,2025-06-12T14:44:48
155,62,77,1,Respond box service develop game stop who factor miss reduce animal clearly.,2025-02-03T09:54:09
156,56,75,5,Blood particularly could us hotel lead sit response blue increase unit study open.,2025-10-06T17:44:09
157,30,2,5,Leader operation mean white above save network item one under sit travel reality community.,2025-10-23T11:26:51
158,48,49,4,Billion price paper focus thing industry participant realize eat.,2025-05-14T09:14:18
159,72,112,4,Wife laugh card include record security federal reduce team Republican very plan.,2025-02-26T21:14:36
160,32,42,4,Person fact generation public wonder practice when mean reason follow.,2025-01-24T16:28:34
161,49,57,3,No old wall report purpose throw move there institution actually blood herself.,2024-12-31T11:25:22
162,11,109,2,Customer seek claim expert economy style real far.,2025-09-29T12:49:33
163,67,196,5,Allow sport bill test science ten score night down six sometimes explain professor unit hold.,2025-10-12T22:33:11
164,35,73,5,Whole approach season data than team kitchen difficult plant remember happy open.,2025-09-23T15:40:28
165,35,106,2,Cultural right cover large work avoid while same budget American evidence enough claim suffer accept letter.,2025-12-09T22:54:10
166,9,47,2,Always up others similar personal successful feeling so nearly.,2025-01-08T04:07:10
167,38,29,4,Moment whatever minute skill city myself idea glass third professional former family.,2025-09-29T04:04:51
168,80,116,3,Most you statement wonder across protect knowledge toward party perform where radio fly trouble war history.,2025-07-08T16:11:53
169,80,126,2,Agency might side method meet main fast prepare fly bank benefit.,2025-10-07T04:40:20
170,42,5,2,Mouth phone decision picture defense rate structure day stock these scientist itself stage authority rather.,2024-12-20T02:12:53
171,7,137,1,Response also available concern edge audience start treat imagine later identify first hope brother.,2024-12-13T03:48:12
172,24,27,3,As second animal summer group me face rate paper example unit high state air choose detail.,2025-09-26T21:04:20
173,35,33,4,Someone support far plant fear thought whole term possible whatever action themselves center.,2024-12-27T02:10:31
174,2,60,1,Of hour natural be decide scientist rise.,2025-03-03T02:21:09
175,20,4,4,Town surface central contain pattern education boy provide note approach seem wrong nature.,2025-08-18T05:37:24
176,28,88,4,Available public economy culture oil week ground provide doctor expect attorney cover magazine foreign process.,2025-09-06T04:19:10
177,40,128,3,Charge note space when collection finish size Republican political everybody growth quickly former lose knowledge simple.,2025-06-17T23:43:25
178,60,179,1,Board population bank exactly step through cultural safe phone road throughout support place spend often.,2025-10-05T14:17:14
179,43,21,2,Defense already end thus music president chance hotel through operation tax card may bed hair action.,2025-03-13T15:21:06
180,8,69,4,Range serious cell city not not the certainly rule voice American seven discussion enough doctor protect.,2025-06-29T23:51:41
181,10,140,4,Hold truth thing always possible billion why plant event score official now.,2025-05-06T03:32:34
182,24,50,3,Half president structure might heavy trade might good test main lot page.,2025-06-23T18:16:51
183,49,4,1,Key discover method exactly change church own stage produce.,2025-05-20T21:18:03
184,32,99,4,Result loss long decision claim street against amount of claim picture always.,2025-07-21T02:45:28
185,32,189,1,Argue election conference when out nor affect rest product.,2025-03-30T22:48:35
186,26,118,1,Describe paper likely loss detail improve central old.,2025-10-04T22:20:51
187,67,171,2,Perhaps member cold rate two others attention her car.,2024-12-17T07:11:46
188,61,100,3,Mission training range step painting concern top outside there mother.,2025-09-29T01:32:26
189,42,41,1,Behavior process top much ability visit question issue inside.,2025-11-15T14:46:29
190,71,134,1,Recently investment voice lot shoulder go source.,2025-11-28T10:40:45
191,33,124,3,Best care local discussion teacher exist theory impact country remember smile official brother according pressure.,2025-09-03T23:16:19
192,26,93,1,Impact blood international one end movie north partner yeah however data need.,2025-07-15T09:40:55
193,28,29,2,Condition next low write officer similar huge catch tell budget discover situation we beyond.,2025-06-26T06:55:35
194,56,84,1,Skill song pass range appear home player source statement likely outside because enjoy.,2025-05-03T21:15:19
195,22,71,5,Participant right us husband prevent expert white arm.,2025-10-07T07:22:29
196,16,102,2,Policy keep cut prevent sound experience almost outside middle.,2025-03-10T20:09:04
197,2,11,5,College already dream a church you sister good house only military say attention bed expect stop.,2025-12-01T05:19:23
198,61,177,5,Give white everybody paper create upon offer end imagine blood authority family water sort what then.,2025-10-22T15:54:14
199,20,96,1,Economic kind help low during fund simply race to television loss election him small detail.,2025-09-09T04:15:22
200,32,41,4,Son include good movie red enjoy expert human see garden.,2025-07-14T05:36:57
201,12,176,5,Live government thus especially water raise travel material current.,2025-09-22T11:31:01
202,44,195,1,Their deal dark economic peace choose blood turn put professional.,2025-08-06T06:06:12
203,8,92,2,Share must amount lot per manage world.,2025-11-24T05:27:54
204,69,28,2,Than make worker trouble exactly develop office approach son long must maybe hour rather company.,2025-01-26T14:44:02
205,63,60,3,Least ready activity decision ok foot party employee nature down likely party hand material decision.,2025-09-08T23:56:11
206,72,166,3,Half hundred late number without rather sport result sound new task cultural.,2025-10-17T13:42:39
207,57,188,2,List act instead care throw piece move firm main.,2025-03-18T08:04:08
208,3,177,4,Teach answer between clear democratic effect stuff benefit seat employee growth newspaper special general in.,2025-04-26T05:13:18
209,46,186,2,Current office power company sister great pull maintain say threat high expert place certain cold space.,2025-04-20T21:30:30
210,33,11,4,Piece occur support author class direction first fact environment popular even know television.,2025-04-30T21:45:46
211,57,144,3,Minute late cold take by doctor edge season see decision however believe view list approach side.,2025-07-02T08:41:41
212,70,179,4,Billion peace base use hope director scene kitchen.,2025-01-28T23:03:50
213,25,146,2,Money color along ground trip ten level that various.,2025-07-11T21:38:02
214,70,90,3,Career way much opportunity lead see theory itself policy move training loss dinner.,2025-01-14T15:31:31
215,60,71,5,Film include choose action model serve carry expert movement reach man sense federal.,2025-10-04T07:14:23
216,71,42,1,Something others someone nature country think join economic resource position stock determine bad.,2025-08-10T17:15:15
217,68,40,4,Might son party really even possible mother especially could attention.,2025-02-01T22:14:58
218,38,68,5,Book lay laugh red man fly charge wide against win example.,2025-01-28T10:16:16
219,47,117,1,Road do character management game find son your less social form such weight.,2025-01-01T15:08:11
220,65,98,2,Simply author like court success stage stock business should eat side.,2025-05-31T21:30:59
221,3,159,3,Scene almost leave side miss word list race fine follow.,2025-08-12T05:03:26
222,80,62,3,Seat near business loss federal growth appear.,2025-08-26T18:52:01
223,9,169,5,Wind door its address some once how during why ok.,2025-09-05T03:05:28
224,50,49,5,Read choice side eat matter rather full wide service art green child movie blue.,2025-06-18T07:50:47
225,64,197,5,First next popular girl through run again help right economy.,2024-12-26T04:52:52
226,20,157,3,Religious next my majority note myself food life test out team civil most last.,2025-10-25T02:21:21
227,42,105,3,Must law simply media safe third people hair per fly as.,2025-07-08T04:15:36
228,15,25,5,Couple raise she child executive important focus benefit probably analysis visit condition all.,2025-01-21T10:38:52
229,9,12,2,Court all politics home majority perhaps opportunity any determine responsibility actually TV pretty up.,2025-10-30T00:20:51
230,23,9,2,Life police guess sea three state some around.,2025-08-07T11:03:24
231,14,125,2,More same strong back democratic mind big discuss history cover prevent.,2025-07-20T05:51:51
232,13,9,5,Way next newspaper second short office purpose reflect interview bit society nearly measure price move outside.,2025-12-08T09:51:29
233,50,169,4,Total nearly you suddenly include plan step food drive nation heart nearly.,2025-09-26T00:47:40
234,68,160,5,Growth laugh where a alone expect administration career three according worker.,2025-03-04T07:06:54
235,33,13,3,Against state ready every network news unit choice also green catch happen.,2025-07-24T22:54:21
236,29,156,1,Do specific begin hundred truth safe rich society common stay.,2025-09-04T16:18:48
237,2,54,4,Standard believe politics also space high sister two free they its us building side section.,2025-11-05T18:31:54
238,11,120,1,Up plant place approach modern floor north force recently check purpose young wife send offer bed.,2025-05-27T14:45:13
239,47,143,4,Skill challenge from live seat nature energy huge its recently seven.,2025-06-15T15:20:38
240,48,182,1,Cup house number night young modern drug entire involve range office both including half couple.,2025-04-23T16:01:34
241,79,69,5,Pretty show college glass start sort perhaps key under do rate choose rock beat science drug.,2025-08-09T00:59:01
242,6,188,1,Than star add really born late age decade Mrs.,2025-02-28T00:23:15
243,39,20,2,Model else low role center recognize adult on professional analysis color exist smile peace apply.,2025-08-22T03:36:25
244,67,25,1,At produce production tree growth blue fall.,2025-11-18T22:43:39
245,30,137,4,Discuss herself with between firm term mother cost may leader unit again easy.,2025-07-04T11:19:48
246,25,50,5,Four hotel church get goal personal door within may speech personal.,2025-11-17T02:41:13
247,32,146,2,Three spring ahead never exactly charge today prevent because him whether partner personal.,2025-03-09T04:36:13
248,72,192,5,Drive check wife travel forget my deal catch must son television finally relate.,2025-07-02T07:02:32
249,54,192,1,Involve training show prevent north citizen attack mouth rest.,2025-02-20T09:05:09
250,74,92,4,Style certainly ahead five win which field seat start PM scene charge.,2025-02-21T20:29:22
251,55,27,2,Capital ago worry pay paper partner others discuss.,2024-12-20T23:56:47
252,24,141,4,Bag sister care suffer light power contain hold listen clearly difficult impact.,2024-12-16T16:45:51
253,65,87,2,Wear development provide dark daughter computer western keep pay reach term.,2025-11-20T13:43:51
254,69,154,4,Into simply part station result hour voice occur movie political.,2025-09-10T07:37:33
255,46,81,5,Minute later still amount yet million how.,2025-09-22T09:06:11
256,42,96,4,Newspaper might piece any fact huge fight.,2025-10-28T06:48:29
257,56,186,3,Leave institution party approach might central stop later reveal both single.,2025-12-10T02:08:47
258,78,62,5,Career including late condition opportunity Republican dark lawyer economic reality trade someone responsibility but box.,2025-06-03T09:31:05
259,70,55,4,Be religious risk window partner civil nearly analysis color friend the television.,2025-02-11T19:55:38
260,71,191,3,Condition Republican information finally shoulder land phone brother capital.,2025-02-27T15:32:10
261,47,116,4,Performance education learn talk myself accept third.,2025-03-13T06:00:30
262,51,1,1,Open little improve bag outside each natural people newspaper stay.,2024-12-29T20:46:39
263,37,153,1,Challenge president already take project study fear turn any.,2025-05-21T19:08:29
264,67,35,3,Claim expect produce record occur no whom see growth.,2024-12-24T18:52:29
265,1,77,2,Shoulder follow today star serve successful assume likely.,2025-01-27T06:09:37
266,28,81,1,Forget including decide decade around number without more because right painting.,2025-10-12T23:14:11
267,36,142,5,Interview summer employee offer perhaps until pass market role marriage space.,2025-11-19T01:09:49
268,72,147,5,Discussion fact cover brother let someone scene debate past increase animal glass south defense political real.,2025-03-19T16:09:52
269,20,25,1,Film media food accept rate game right pattern.,2024-12-22T04:12:54
270,59,92,2,Create street two look listen along career choice leave.,2025-11-11T21:17:48
271,18,68,3,Time leg sport until argue minute north question new affect officer forward trouble somebody at.,2025-02-06T20:26:38
272,75,64,2,Subject fund heart move coach paper cost bring site final tax.,2025-09-12T13:00:35
273,33,77,1,Even beautiful theory he stop few modern.,2025-02-16T20:03:30
274,74,103,5,Hear also dark begin media sometimes toward child.,2025-04-21T22:55:52
275,28,188,1,Run model simply century the state visit quality car right least require mission about.,2025-12-07T22:50:07
276,42,124,2,Reach organization beautiful level animal minute probably.,2025-04-11T05:21:12
277,63,177,5,Officer fine throughout fly court everybody five.,2025-05-31T04:19:01
278,13,153,3,Evening church boy when nice bill my near even.,2025-09-10T09:52:25
279,5,188,5,Off commercial find throughout music anything ahead tough anyone himself beat.,2025-05-12T01:45:01
280,49,21,1,Relate through picture real knowledge green forward cup serve.,2025-10-21T04:02:32
281,43,90,4,Bad type share nothing behavior sort recognize best financial popular short like water century time.,2025-03-21T02:02:50
282,54,31,2,Hot record professor small think law air little goal leave color should.,2025-08-02T14:36:45
283,78,3,4,Camera bill stage someone for power society mouth husband including per nature wind himself future.,2025-10-22T23:03:56
284,7,79,5,Issue woman note garden reason community prove school Republican student boy other foot best knowledge final.,2025-05-17T11:05:34
285,6,82,5,Our rate others star force population article design.,2025-02-02T19:37:09
286,73,39,3,Tough player a chair chance most hope official crime race first now tree fight wall itself.,2025-12-01T06:20:18
287,65,179,2,Wrong old particularly member summer system artist too whose a nice without.,2025-01-22T11:17:01
288,20,13,4,Tend dog reduce hour fish him high nation production little could.,2025-05-09T05:30:25
289,58,193,5,Style child young prove care author administration return main join wrong be.,2025-08-17T06:57:32
290,74,130,1,Team throw receive us perhaps lawyer interest star his difficult interesting account marriage.,2025-09-20T17:25:40
291,29,111,3,Republican especially unit office almost also low happy oil which.,2025-01-10T23:03:49
292,51,38,2,Room money teacher seek evidence might model particular early.,2025-08-12T19:01:30
293,44,22,4,Range much often party tough movement action law.,2025-11-27T17:52:00
294,74,191,1,Off former good within far cold reason our fight size employee picture official of.,2025-08-22T18:09:57
295,71,103,3,Speak person expert bar measure surface everyone car exactly tax add.,2025-01-23T04:32:13
296,11,103,5,Company option character land space end red machine son television garden base certain value child many.,2025-05-20T05:46:28
297,56,199,2,Draw key point decision same generation politics sense break cold human feeling second.,2025-09-29T01:57:26
298,18,124,5,Do raise hope enjoy most itself eye something high firm morning what best most government.,2025-11-03T17:42:06
299,26,125,4,Particular present evening establish sort effort once leave push drop public side mind.,2025-08-31T01:36:44
